"Catalog Info"
Title,"Crime in India - 2015"
Link,https://data.gov.in/catalog/crime-india-2015
Contributor,"Ministry of Home Affairs, Department of States, National Crime Records Bureau (NCRB)"
Keywords,"Crime, Death, Infrastructure, Kidnapping, Theft, Girl, Police, Murder, Incest, Importation, Abduction, Rape, Auto, Trial, Culpable, Homicide, Force, Victim, Offender, Facilitie, Suicidal"
Sectors,"Home Affairs and Enforcement, Police"
"Published Date","2016/09/08 10:10:35"
Source,data.gov.in
"No Of Resources",137
"Released Under","National Data Sharing and Accessibility Policy (NDSAP)"
"
"
"Resource Info"
"Resource Title","Resource File","Resource Updated","Resource Size"
"1. Persons Killed or Injured in Police Firing and Lathi-charge (event-wise) During 2015",dataurl07092016/Table_14.1-2015.csv,"2016/12/28 15:09:58","633 b",
"2. State & UT-wise Persons Killed or Injured in Police Firing During 2015",dataurl07092016/Table_14.2-2015.csv,"2016/12/28 14:49:05","1.47 kb",
"3. State & UT-wise Persons Killed or Injured in Police Lathi-Charge During 2015",dataurl07092016/Table_14.3-2015.csv,"2016/12/28 15:09:59","1.47 kb",
"4. State & UT-wise Police Personnel Killed or Injured on Duty During 2015",dataurl07092016/Table_15.1-2015.csv,"2016/12/28 15:09:52","3.01 kb",
"5. Police Personnel Killed or Injured on Duty During 2015",dataurl07092016/Table_15.2-2015.csv,"2016/12/28 15:16:58","1.19 kb",
"6. Age-group-wise Natural Deaths of Police Personnel and Suicides Committed by Them During 2015",dataurl07092016/Table_15.3-2015.csv,"2016/12/28 15:11:57","1.18 kb",
"7. State & UT-wise Civilians Killed or Injured During 2015",dataurl07092016/Table_15.4-2015.csv,"2016/12/28 15:15:19","3.04 kb",
"8. State & UT-wise Complaints/Cases Registered Against Police Personnel During 2015",dataurl07092016/Table_16.1-2015.csv,"2016/12/28 15:15:12","4.69 kb",
"9. Incidence of Human Rights Violation by Police and Their Disposal During 2015",dataurl07092016/Table_16.2-2015.csv,"2016/12/28 15:16:54","1.58 kb",
"10. State & UT-wise No. of Foreigners Arrested under Cognizable Crimes (IPC & SLL) During 2015",dataurl07092016/Table_17.1-2015.csv,"2016/12/28 15:16:13","2.81 kb",
"11. Disposal of Cases under Crime Committed by Foreigners (IPC and SLL) During 2015",dataurl07092016/Table_17.2-2015.csv,"2016/12/28 15:13:28","2.81 kb",
"12. Disposal of Foreigners Arrested Under Cognizable Crimes (IPC & SLL) During 2015",dataurl07092016/Table_17.3-2015.csv,"2016/12/28 15:15:16","1.85 kb",
"13. State & UT-wise Cases Reported and Persons Arrested under Cyber Crime during 2014 & 2015 and Their Percentage Variation in 2015 Over 2014",dataurl07092016/Table_18.1-2015.csv,"2016/12/28 15:13:24","2.22 kb",
"14. Disposal of Cyber Crimes Cases (IT Act, IPC & SLL) by Police During 2015",dataurl07092016/Table_18.2-2015.csv,"2016/12/28 15:16:10","5.72 kb",
"15. Disposal of Cyber Crime Cases (IT Act, IPC & SLL Cognizable Crime) by Courts During 2015",dataurl07092016/Table_18.3-2015.csv,"2016/12/28 15:15:11","4.98 kb",
"16. Persons Arrested under Cyber Crimes (IT Act, IPC Crimes, SLL Crimes) by Age Groups & Sex During 2015",dataurl07092016/Table_18.4-2015.csv,"2016/12/28 15:16:52","5.34 kb",
"17. Disposal of Persons Arrested under Cyber Crime (IT Act, IPC Crimes, SLL Crimes) by Police During 2015",dataurl07092016/Table_18.5-2015.csv,"2016/12/28 16:05:18","5.9 kb",
"18. Disposal of Persons Arrested under Cyber Crimes (IT Act, IPC Crimes, SLL Crimes) by Courts During 2015",dataurl07092016/Table_18.6-2015.csv,"2016/12/28 16:04:28","6.43 kb",
"19. State & UT-wise Motive-wise Cases Reported under Cyber Crimes During 2015",dataurl07092016/Table_18.7-2015.csv,"2016/12/28 15:16:05","3.53 kb",
"20. State & UT-wise Profile of Persons Arrested or Accused in Connection with Cyber Crime During 2015",dataurl07092016/Table_18.8-2015.csv,"2016/12/28 15:16:55","3.16 kb",
"21. State & UT-wise Cases of IPC Crimes Reported by General Railway Police (GRP) During 2015",dataurl07092016/Table_19.1-2015.csv,"2016/12/28 15:16:57","2.1 kb",
"22. State & UT-wise Cases Reported under the Railways Act from 2013 to 2015 and Percentage Variation Over 2015 to 2014",dataurl07092016/Table_19.2-2015.csv,"2016/12/28 16:04:31","1.47 kb",
"23. State & UT-wise Persons Arrested under the Railways Act and the Railway Property (Unlawful Possession) Act During 2015",dataurl07092016/Table_19.3-2015.csv,"2016/12/28 16:04:32","1.55 kb",
"24. State & UT-wise Cases Reported (I), No. of Victims (V) and Rate (R) of Crimes Committed Against Senior Citizens During 2015",dataurl07092016/Table_20.1-2015.csv,"2016/12/28 15:16:09","9.8 kb",
"25. State & UT-wise Sex-wise Persons Arrested for Various IPC and SLL Crimes Committed Against Senior Citizens During 2015",dataurl07092016/Table_20.2-2015.csv,"2016/12/28 15:17:54","9.52 kb",
"26. State & UT-wise Incidences of Offences Against the State (IPC) During 2015",dataurl07092016/Table_21.1-2015.csv,"2016/12/28 15:16:12","2.18 kb",
"27. State & UT-wise Sex-wise Persons Arrested Under Offences Against the State (IPC) During 2015",dataurl07092016/Table_21.2-2015.csv,"2016/12/28 15:15:14","5.5 kb",
"28. State & UT-wise Incidents of Environment Related Offences During 2015",dataurl07092016/Table_22.1-2015.csv,"2016/12/28 14:49:01","1.6 kb",
"29. State & UT-wise Sex-wise Persons Arrested for under Environment Related Offences During 2015",dataurl07092016/Table_22.2-2015.csv,"2016/12/28 15:12:00","3.22 kb",
"30. State & UT-wise Incidence & Rate of Overall Kidnapping & Abduction During 2015",dataurl07092016/Table_23.1-2015.csv,"2016/12/28 14:49:07","1.65 kb",
"31. State & UT-wise Age Group & Sex-wise Victims of Kidnapping & Abduction (Total) During 2015",dataurl07092016/Table_23.2-2015.csv,"2016/12/28 14:49:04","4.26 kb",
"32. Purpose-wise and Sex-wise Details of Kidnapping & Abduction (All India) During 2015",dataurl07092016/Table_23.3-2015.csv,"2016/12/28 14:49:02","2.21 kb",
"33. Sex and Age -Wise Details on Recovery of Kidnapped and Abducted Persons and Total Unrecovered Persons During 2015",dataurl07092016/Table_23.4-2015.csv,"2016/12/28 15:09:53","1.49 kb",
"34. State & UT-wise Number of Cases of Seizures under the Arms Act and Quantity of Arms Seized During 2015",dataurl07092016/Table_24.2-2015.csv,"2016/12/28 15:12:02","2.11 kb",
"35. State & UT-wise Quantity of Currency Seized/Recovered (in Rs.) under the Unlawful Activities (Prevention) Act During 2015",datafile/Table_24.3-2015.csv,"2016/12/28 14:47:06","1.82 kb",
"36. State & UT-wise Number of Cases of Seizures and Liquor Seized under the Excise Act During 2015",dataurl07092016/Table_24.4-2015.csv,"2016/12/28 14:47:12","2.05 kb",
"37. State & UT-wise Cases Reported under Crime Committed Against Foreigners During 2015",dataurl07092016/Table_25.1-2015.csv,"2016/12/28 14:47:12","1.36 kb",
"38. Cases of Cognizable Crimes under Crime against Foreigners (Crime Head Wise) During 2015",dataurl07092016/Table_25.2-2015.csv,"2016/12/28 15:11:59","1.41 kb",
"39. State & UT-wise Nature and Number of Complaints Received by Police and Cases Registered under IPC & SLL During 2015",dataurl07092016/Table_1.1-2015.csv,"2016/12/28 14:49:08","5 kb",
"40. Cases Reported & Rate of Total Cognizable Crimes Under Indian Penal Code (IPC) And Special & Local Laws (SLL) from 2005 to 2015",dataurl07092016/Table_1.2-2015.csv,"2016/12/28 15:11:56","1.08 kb",
"41. Cases Reported & Rate of Cognizable Crimes (IPC) under Different Crime Heads During 2015 and Decadal & Quinquennial Percentage Changes from 2005 to 2014",dataurl07092016/Table_1.3-2015.csv,"2016/12/28 15:09:56","4.38 kb",
"42. State & UT-wise Cases Reported & Rate of Total Cognizable Crimes (IPC) During 2015",datafile/Table_1.4-2015.csv,"2016/12/28 14:45:13","1.83 kb",
"43. State & UT-wise Cases Reported & Rate of Total Cognizable Crimes under Special & Local Laws (SLL) During 2015",dataurl07092016/Table_1.5-2015.csv,"2016/12/28 15:13:30","1.74 kb",
"44. State & UT-wise Cases Reported (I), Victims(V) & Rate(R) of Cognizable Crimes (IPC) Under Different Crime Heads During 2015",dataurl07092016/Table_1.6-2015.csv,"2016/12/28 15:15:18","51.56 kb",
"45. State & UT-wise Cases Reported under IPC Crimes relating to Sexual Offences During 2015",dataurl07092016/Table_1.7-2015.csv,"2016/12/28 15:13:31","2.37 kb",
"46. State & UT-wise Cases Reported under IPC Crimes Against Body During 2015",dataurl07092016/Table_1.8-2015.csv,"2016/12/28 15:13:25","3.57 kb",
"47. State & UT-wise Cases Reported under IPC Crimes relating to Property Offences During 2015",dataurl07092016/Table_1.9-2015.csv,"2016/12/28 15:13:28","2.5 kb",
"48. State & UT-wise Cases Reported under IPC Crimes relating to Public Order During 2015",dataurl07092016/Table_1.10-2015.csv,"2016/12/28 15:12:03","2.14 kb",
"49. State & UT-wise Cases Reported under IPC relating to Economic Crimes During 2015",dataurl07092016/Table_1.11-2015.csv,"2016/12/28 15:09:55","2.19 kb",
"50. Cases Reported & Rate of Cognizable Crimes under Special and Local Laws (SLL) under Different Crime Heads During 2015 and Decadal & Quinquennial Percentage Changes from 2005 to 2014",datafile/Table_1.12-2015.csv,"2016/12/28 14:45:11","6.57 kb",
"51. State & UT-wise Cases Reported (I), Victims(V) & Rate (R) of Cognizable Crimes(SLL) under Different Crime Heads During 2015",datafile/Table_1.13-2015.csv,"2016/12/28 14:47:05","34.61 kb",
"52. City-wise Cases Reported & Rate of Total Cognizable Crimes (IPC) During 2015",dataurl07092016/Table_2.1-2015.csv,"2016/12/28 16:20:51","1.86 kb",
"53. City-wise Cases Reported (I), Victims(V) & Rate(R) of Cognizable Crimes (IPC) Under Different Crime Heads During 2015",dataurl07092016/Table_2.2-2015.csv,"2016/12/28 16:17:17","57.57 kb",
"54. City-wise Cases Reported & Rate of Total Cognizable Crimes (SLL) During 2015",dataurl07092016/Table_2.3-2015.csv,"2016/12/28 16:20:11","1.88 kb",
"55. City-wise Cases Reported (I), Victims(V) & Rate (R) of Cognizable Crimes(SLL) Under Different Crime Heads During 2015",dataurl07092016/Table_2.4-2015.csv,"2016/12/28 16:17:13","40.77 kb",
"56. State & UT-wise Cases Reported and Rate of Violent Crimes During 2015",dataurl07092016/Table_3.1-2015.csv,"2016/12/28 16:05:49","3.84 kb",
"57. State & UT-wise Motives of Murder and Culpable Homicide not Amounting to Murder During 2015(Motives of Murder)",dataurl07092016/Table_3.2-2015.csv,"2016/12/28 16:20:12","4.77 kb",
"58. State & UT-wise Age-Group & Gender-Wise Victims of Murder During 2015",dataurl07092016/Table_3.3-2015.csv,"2016/12/28 16:17:14","5.17 kb",
"59. State & UT-wise Age Group Wise Victims of Culpable Homicide Not Amounting to Murder During 2015",dataurl07092016/Table_3.4-2015.csv,"2016/12/28 16:17:20","4.61 kb",
"60. State & UT-wise Number of Victims Murdered by Use of Fire Arms During 2015",dataurl07092016/Table_3.5-2015.csv,"2016/12/28 16:20:52","1.3 kb",
"61. State & UT-wise Number of Un-identified Dead Bodies Recovered and Inquest Conducted During 2015",dataurl07092016/Table_3.6-2015.csv,"2016/12/28 16:06:22","1.05 kb",
"62. Disposal of IPC Criminal Cases by Police During 2015",dataurl07092016/Table_4.1-2015.csv,"2016/12/28 16:20:44","4.13 kb",
"63. State & UT-wise Disposal of IPC Criminal Cases by Police During 2015",dataurl07092016/Table_4.2-2015.csv,"2016/12/28 16:20:14","4.36 kb",
"64. Disposal of SLL Criminal Cases by Police During 2015",dataurl07092016/Table_4.3-2015.csv,"2016/12/28 16:22:30","6.12 kb",
"65. State & UT-wise Disposal of SLL Criminal Cases by Police During 2015",dataurl07092016/Table_4.4-2015.csv,"2016/12/28 16:20:44","4.08 kb",
"66. Disposal of IPC Criminal Cases by Courts During 2015",dataurl07092016/Table_4.5-2015.csv,"2016/12/28 16:20:46","7.65 kb",
"67. State & UT-wise Disposal of IPC Criminal Cases by Courts During 2015",dataurl07092016/Table_4.6-2015.csv,"2016/12/28 16:20:14","3.73 kb",
"68. Disposal of SLL Criminal Cases by Courts During 2015",dataurl07092016/Table_4.7-2015.csv,"2016/12/28 16:21:33","6.41 kb",
"69. State & UT-wise Disposal of SLL Criminal Cases by Courts During 2015",dataurl07092016/Table_4.8-2015.csv,"2016/12/28 16:17:16","3.55 kb",
"70. State & UT-wise Duration of Completion of Trials by Various Courts During 2015",dataurl07092016/Table_4.9-2015.csv,"2016/12/28 16:20:47","14.06 kb",
"71. State & UT-wise Cases Reported & Rate of Crime Committed Against Women During 2015",dataurl07092016/Table_5.1-2015.csv,"2016/12/28 16:05:46","1.67 kb",
"72. State & UT-wise Cases Reported (I), Victims(V) & Rate (R) of Crimes Committed Against Women During 2015",dataurl07092016/Table_5.2-2015.csv,"2016/12/28 16:20:17","24.91 kb",
"73. State & UT-wise Victims of Rape (also Incest Rape Cases) under Different Age-Groups During 2015",datafile/Table_5.3-2015.csv,"2018/06/08 17:16:25","6.07 kb",
"74. State & UT-wise Offenders Relation and Proximity to Rape Victims (Section 376 IPC) During 2015",dataurl07092016/Table_5.4-2015.csv,"2016/12/28 16:20:16","3.31 kb",
"75. Disposal of Crime Committed Against Women Cases by Police During 2015",dataurl07092016/Table_5.5-2015.csv,"2016/12/28 16:06:27","4.35 kb",
"76. Disposal of Crimes Committed Against Women Cases by Courts During 2015",dataurl07092016/Table_5.6-2015.csv,"2016/12/28 16:05:52","3.79 kb",
"77. Disposal by Police of Persons Arrested For Crimes Committed Against Women During 2015",dataurl07092016/Table_5.7-2015.csv,"2016/12/28 15:17:48","4.78 kb",
"78. Disposal of Persons Arrested Committing Crimes Against Women by Courts During 2015",dataurl07092016/Table_5.8-2015.csv,"2016/12/28 16:05:11","5.64 kb",
"79. State & UT-wise Cases Reported & Rate of Crime Committed Against Children During 2015",dataurl07092016/Table_6.1-2015.csv,"2016/12/28 15:17:47","1.51 kb",
"80. State & UT-wise Cases Reported (I), No. of Victims (V) and Rate(R) of Crimes Committed Against Children During 2015",dataurl07092016/Table_6.2-2015.csv,"2016/12/28 16:05:17","28.39 kb",
"81. Disposal of Crime Committed Against Children Cases by Police During 2015",dataurl07092016/Table_6.3-2015.csv,"2016/12/28 16:04:25","5.3 kb",
"82. Disposal of Crimes Committed Against Children Cases by Courts During 2015",dataurl07092016/Table_6.4-2015.csv,"2016/12/28 15:16:06","4.58 kb",
"83. Disposal by Police of Persons Arrested For Crimes Committed Against Children During 2015",dataurl07092016/Table_6.5-2015.csv,"2016/12/28 15:16:53","5.54 kb",
"84. Disposal by Courts of Persons Arrested For Crimes Committed Against Children During 2015",dataurl07092016/Table_6.6-2015.csv,"2016/12/28 16:05:15","6.36 kb",
"85. State & UT-wise Age-Group-wise Cases & Victims reported under Section 4 & 6 of the POCSO Act(Incest Cases) During 2015",dataurl07092016/Table_6.7-2015.csv,"2016/12/28 16:05:14","3.68 kb",
"86. State & UT-wise Offenders Relation and Proximity to victims reported under Section 4 & 6 of the POCSO Act During 2015",dataurl07092016/Table_6.8-2015.csv,"2016/12/28 16:24:45","2.73 kb",
"87. State & UT-wise Cases Reported & Rate of Crime Relating to Human Trafficking During 2015",dataurl07092016/Table_6A.1-2015.csv,"2016/12/28 16:04:29","1.42 kb",
"88. State & UT-wise Cases Reported (I), Rate (R) and Percentage Contribution (p) to Total Crimes Relating To Human Trafficking During 2015",dataurl07092016/Table_6A.2-2015.csv,"2016/12/28 15:17:51","6.42 kb",
"89. Disposal of Cases Relating to Human Trafficking by Police During 2015",dataurl07092016/Table_6A.3-2015.csv,"2016/12/28 16:06:25","1.87 kb",
"90. Disposal of Cases Relating to Human Trafficking by Courts During 2015",dataurl07092016/Table_6A.4-2015.csv,"2016/12/28 16:24:44","1.51 kb",
"91. Disposal of Persons Arrested For Committing Crimes Relating To Human Trafficking by Police During 2015",dataurl07092016/Table_6A.5-2015.csv,"2016/12/28 16:06:25","2.29 kb",
"92. Disposal of Persons Arrested under Crimes Relating to Human Trafficking by Courts During 2015",dataurl07092016/Table_6A.6-2015.csv,"2016/12/28 16:17:19","3.33 kb",
"93. State & UT-wise Cases Reported & Rate of Crime Relating to Child Trafficking During 2015",dataurl07092016/Table_6A.7-2015.csv,"2016/12/28 16:05:46","1.37 kb",
"94. State & UT-wise Incidence(I), Victims and Rate (R) of Total Crimes Relating to Child Trafficking During 2015",dataurl07092016/Table_6A.8-2015.csv,"2016/12/28 16:06:23","6.18 kb",
"95. Disposal of Cases by Police of Crimes Relating to Child Trafficking During 2015",dataurl07092016/Table_6A.9-2015.csv,"2016/12/28 16:06:28","1.8 kb",
"96. Disposal of Cases by Courts for Crimes Relating to Child Trafficking During 2015",dataurl07092016/Table_6A.10-2015.csv,"2016/12/28 16:05:12","1.42 kb",
"97. Disposal by Police of Persons Arrested for Committing Crimes Relating to Child Trafficking During 2015",dataurl07092016/Table_6A.11-2015.csv,"2016/12/28 16:05:48","2.16 kb",
"98. Disposal of Persons Arrested under Crimes Relating to Child Trafficking by Courts During 2015",dataurl07092016/Table_6A.12-2015.csv,"2016/12/28 16:05:51","2.3 kb",
"99. State & UT-wise Cases Reported & Rate of Crime Committed Against Scheduled Castes During 2015",dataurl07092016/Table_7.1-2015.csv,"2016/12/28 16:04:26","1.4 kb",
"100. State & UT-wise Cases Reported (I), Victims(V) & Rate (R) of Crimes Committed Against Scheduled Castes During 2015",dataurl07092016/Table_7.2-2015.csv,"2016/12/28 16:23:58","36.55 kb",
"101. Disposal of Cases by Police For Crimes Committed Against Scheduled Castes During 2015",dataurl07092016/Table_7.3-2015.csv,"2016/12/28 16:22:27","5.44 kb",
"102. Disposal of Crimes Committed Against Scheduled Castes Cases by Courts During 2015",dataurl07092016/Table_7.4-2015.csv,"2016/12/28 16:23:09","4.75 kb",
"103. Disposal of Persons Arrested For Committing Crimes Against Scheduled Castes by Police During 2015",dataurl07092016/Table_7.5-2015.csv,"2016/12/28 16:24:41","5.62 kb",
"104. Disposal of Persons Arrested by Courts For Committing Crimes Against Scheduled Castes During 2015",dataurl07092016/Table_7.6-2015.csv,"2016/12/28 16:23:10","7.24 kb",
"105. State & UT-wise Cases Reported & Rate of Crimes Committed Against Scheduled Tribes During 2015",dataurl07092016/Table_7.7-2015.csv,"2016/12/28 16:23:06","1.33 kb",
"106. State & UT-wise Cases Reported (I), Victims(V) & Rate (R) of Crimes Committed Against Scheduled Tribes During 2015",dataurl07092016/Table_7.8-2015.csv,"2016/12/28 16:24:04","35.92 kb",
"107. Disposal of Cases under Crimes Committed Against Scheduled Tribes by Police During 2015",dataurl07092016/Table_7.9-2015.csv,"2016/12/28 16:24:01","5.22 kb",
"108. Disposal of Cases under Crimes Committed Against Scheduled Tribes by Courts During 2015",dataurl07092016/Table_7.10-2015.csv,"2016/12/28 16:24:05","4.59 kb",
"109. Disposal of Persons Arrested For Committing Crimes Against Scheduled Tribes by Police During 2015",dataurl07092016/Table_7.11-2015.csv,"2016/12/28 16:23:14","5.38 kb",
"110. Disposal of Persons Arrested for Committing Crimes Against Scheduled Tribes by Courts During 2015",dataurl07092016/Table_7.12-2015.csv,"2016/12/28 16:24:02","6.44 kb",
"111. Value of Property Stolen & Recovered and Percentage Recovery from 2005 to 2015",datafile/Table_8.1-2015.csv,"2016/12/28 16:24:38","567 b",
"112. State & UT-wise Value of Property Stolen & Recovered and Percentage Recovery During 2015",dataurl07092016/Table_8.2-2015.csv,"2016/12/28 14:47:09","1.71 kb",
"113. Value of Property Stolen & Recovered and Percentage Recovery (Crime Head wise) During 2015 (All India)",datafile/Table_8.3-2015.csv,"2016/12/28 16:25:21","806 b",
"114. Value of Property Stolen & Recovered and Percentage Recovery (By Nature of Property) During 2015",datafile/Table_8.4-2015.csv,"2016/12/28 16:25:24","1.68 kb",
"115. Number of Cases Reported and Value of Property Stolen by Place of Occurrence During 2015",datafile/Table_8.5-2015.csv,"2016/12/28 16:25:23","1.02 kb",
"116. All India level Cases reported under the Prevention of Corruption Act 1988 and related Sections of IPC during 2014 & 2015 and Percentage Variation in 2015 over 2014",dataurl07092016/Table_9.1-2015.csv,"2017/05/04 10:37:27","652 b",
"117. State & UT-wise Statement of Cognizable Crimes Registered & Their Disposal by Anti-Corruption and Vigilance Departments of States & UTs under Total offences under Prevention of Corruption Act 1988 During 2015",datafile/Table_9.2-2015_1.csv,"2016/12/28 16:24:42","5.61 kb",
"118. State & UT-wise Statement of Persons Arrested In Total Cognizable Crime Cases under Offences under Prevention of Corruption Act and Related Sections of IPC During 2015",dataurl07092016/Table_9.3-2015.csv,"2016/12/28 16:23:07","6.51 kb",
"119. State & UT-wise Value of Property Lost under Criminal Breach of Trust, Cheating and Fraud During 2015",dataurl07092016/Table_9.4-2015.csv,"2016/12/28 16:23:13","5.47 kb",
"120. Cases Registered against Juveniles in Conflict with the Law and Crime Rate under IPC from 2005 to 2015",datafile/Table_10.1-2015.csv,"2016/12/28 14:45:10","695 b",
"121. State & UT-wise Cases Registered against Juveniles In Conflict With Laws under Different Crime Heads of IPC During 2015",datafile/Table_10.2-2015.csv,"2016/12/28 16:22:23","15.87 kb",
"122. Cases Registered against Juvenile In Conflict With Law under Different Crime Heads of SLL During 2015",datafile/Table_10.3-2015_1.csv,"2016/12/28 16:26:28","10.19 kb",
"123. Juveniles Apprehended under IPC and SLL Crimes by Age Groups & Sex During 2015",dataurl07092016/Table_10.4-2015.csv,"2016/12/28 16:22:29","11.03 kb",
"124. State & UT-wise Final Order in the Matter of Juveniles Apprehended under Various Crime Heads of IPC and SLL Crimes During 2015",dataurl07092016/Table_10.5-2015.csv,"2016/12/28 16:21:36","2.67 kb",
"125. State & UT-wise Classification of Apprehended Juveniles (under IPC and SLL) by Attributes During 2015",dataurl07092016/Table_10.6-2015.csv,"2016/12/28 16:22:27","4.13 kb",
"126. State & UT-wise Recidivism Amongst Persons Arrested under Total IPC Crimes During 2015",datafile/Table_11.1-2015_2.csv,"2016/12/28 16:25:17","3.1 kb",
"127. Persons Arrested under IPC Crimes and Percentage Variation in 2015 Over 2014 (All India)",dataurl07092016/Table_12.1-2015.csv,"2016/12/28 16:26:30","4.31 kb",
"128. Age Group and Gender - wise Persons Arrested under IPC and SLL Crimes During 2015",datafile/Table_12.2-2015_2.csv,"2016/12/28 14:45:14","16.44 kb",
"129. Disposal of Persons Arrested under IPC by Police During 2015",datafile/Table_12.3-2015.csv,"2016/12/28 16:25:18","9.18 kb",
"130. Disposal of Persons Arrested under IPC Crimes by Courts During 2015",dataurl07092016/Table_12.4-2015.csv,"2016/12/28 16:21:26","11.14 kb",
"131. Disposal of Persons Arrested under Special & Local Laws by Police During 2015",dataurl07092016/Table_12.5-2015.csv,"2016/12/28 16:21:30","7.5 kb",
"132. Disposal of Persons Arrested under Special & Local Laws Crimes by Courts During 2015",dataurl07092016/Table_12.6-2015.csv,"2016/12/28 16:22:24","8.75 kb",
"133. State & UT-wise Process Received and Warrants Executed/Summons Served In Connection With Arrest of Persons During 2015",datafile/Table_12.7-2015.csv,"2016/12/28 16:25:20","2.66 kb",
"134. State & UT-wise Deaths in Police Custody/Lockup (of Persons Remanded To Police Custody by Court) During 2015",dataurl07092016/Table_13.1-2015.csv,"2016/12/28 16:24:01","1.66 kb",
"135. State & UT-wise Deaths In Police Custody / Lockup (of Persons Not Remanded To Police Custody by Court) During 2015",dataurl07092016/Table_13.2-2015.csv,"2016/12/28 16:21:26","1.68 kb",
"136. State & UT-wise Reasons of Custodial Deaths During 2015",datafile/Table_13.3-2015.csv,"2016/12/28 16:26:27","2.04 kb",
"137. State & UT-wise Escapes From Police Custody During 2015",dataurl07092016/Table_13.4-2015.csv,"2016/12/28 14:47:08","3.21 kb",
