S. No.,Category,State/UT,No. of Reported Cases Where The Loss Of Property Under - Criminal Breach of Trust Worth (in Rupees) - 1-10 Crore,No. of Reported Cases Where The Loss Of Property Under - Criminal Breach of Trust Worth (in Rupees) - 10-25 Crore,No. of Reported Cases Where The Loss Of Property Under - Criminal Breach of Trust Worth (in Rupees) - 25-50 Crore,No. of Reported Cases Where The Loss Of Property Under - Criminal Breach of Trust Worth (in Rupees) - 50-100 Crore,No. of Reported Cases Where The Loss Of Property Under - Criminal Breach of Trust Worth (in Rupees) - Above 100 Crore,No. of Reported Cases Where The Loss Of Property Under - Criminal Breach of Trust Worth (in Rupees) - Total,No. of Reported Cases Where The Loss Of Property Under - Cheating Worth (in Rupees) - 1-10 Crore,No. of Reported Cases Where The Loss Of Property Under - Cheating Worth (in Rupees) - 10-25 Crore,No. of Reported Cases Where The Loss Of Property Under - Cheating Worth (in Rupees) - 25-50 Crore,No. of Reported Cases Where The Loss Of Property Under - Cheating Worth (in Rupees) - 50-100 Crore,No. of Reported Cases Where The Loss Of Property Under - Cheating Worth (in Rupees) - Above 100 Crore,No. of Reported Cases Where The Loss Of Property Under - Cheating Worth (in Rupees) - Total,No. of Reported Cases Where The Loss Of Property Under - Fraud/Forgery Worth (in Rupees) - 1-10 Crore,No. of Reported Cases Where The Loss Of Property Under - Fraud/Forgery Worth (in Rupees) - 10-25 Crore,No. of Reported Cases Where The Loss Of Property Under - Fraud/Forgery Worth (in Rupees) - 25-50 Crore,No. of Reported Cases Where The Loss Of Property Under - Fraud/Forgery Worth (in Rupees) - 50-100 Crore,No. of Reported Cases Where The Loss Of Property Under - Fraud/Forgery Worth (in Rupees) - Above 100 Crore,No. of Reported Cases Where The Loss Of Property Under - Fraud/Forgery Worth (in Rupees) - Total,No. of Reported Cases Where The Loss Of Property Under - Grand Total (CBT + Cheating + Fraud/Forgery) Worth (in Rupees) - 1-10 Crore,No. of Reported Cases Where The Loss Of Property Under - Grand Total (CBT + Cheating + Fraud/Forgery) Worth (in Rupees) - 10-25 Crore,No. of Reported Cases Where The Loss Of Property Under - Grand Total (CBT + Cheating + Fraud/Forgery) Worth (in Rupees) - 25-50 Crore,No. of Reported Cases Where The Loss Of Property Under - Grand Total (CBT + Cheating + Fraud/Forgery) Worth (in Rupees) - 50-100 Crore,No. of Reported Cases Where The Loss Of Property Under - Grand Total (CBT + Cheating + Fraud/Forgery) Worth (in Rupees) - Above 100 Crore,No. of Reported Cases Where The Loss Of Property Under - Grand Total (CBT + Cheating + Fraud/Forgery) Worth (in Rupees) - Total
1,State,Andhra Pradesh,3,1,0,0,0,4,21,3,0,0,0,24,2,0,10,0,0,12,26,4,10,0,0,40
2,State,Arunachal Pradesh,8,0,0,0,0,8,27,0,0,0,0,27,4,0,0,0,0,4,39,0,0,0,0,39
3,State,Assam,3,0,0,0,0,3,0,0,0,0,0,0,0,0,0,0,0,0,3,0,0,0,0,3
4,State,Bihar,118,0,0,0,0,118,133,0,0,0,0,133,107,0,0,0,0,107,358,0,0,0,0,358
5,State,Chhattisgarh,9,0,0,0,0,9,45,1,1,0,0,47,0,0,0,0,0,0,54,1,1,0,0,56
6,State,Goa,0,0,0,0,0,0,3,1,0,0,0,4,0,0,0,0,0,0,3,1,0,0,0,4
7,State,Gujarat,38,2,1,1,0,42,80,0,0,1,0,81,5,0,0,0,0,5,123,2,1,2,0,128
8,State,Haryana,0,0,0,0,0,0,42,7,0,3,0,52,1,0,0,0,0,1,43,7,0,3,0,53
9,State,Himachal Pradesh,0,0,0,0,0,0,0,0,0,0,0,0,0,0,0,0,0,0,0,0,0,0,0,0
10,State,Jammu & Kashmir,0,0,0,0,0,0,0,0,0,0,0,0,0,0,0,0,0,0,0,0,0,0,0,0
11,State,Jharkhand,0,0,0,0,0,0,0,0,0,0,0,0,0,0,0,0,0,0,0,0,0,0,0,0
12,State,Karnataka,6,0,0,0,0,6,32,5,1,1,1,40,0,0,0,0,0,0,38,5,1,1,1,46
13,State,Kerala,10,0,0,0,0,10,64,0,0,1,0,65,1,0,0,0,0,1,75,0,0,1,0,76
14,State,Madhya Pradesh,2,0,0,0,0,2,42,0,0,0,0,42,11,0,0,0,0,11,55,0,0,0,0,55
15,State,Maharashtra,52,11,5,0,5,73,129,10,3,2,2,146,13,1,0,1,0,15,194,22,8,3,7,234
16,State,Manipur,0,0,0,0,0,0,1,0,0,0,0,1,0,0,0,0,0,0,1,0,0,0,0,1
17,State,Meghalaya,0,0,0,0,0,0,0,0,0,0,0,0,0,0,0,0,0,0,0,0,0,0,0,0
18,State,Mizoram,0,0,0,0,0,0,0,0,0,0,0,0,0,0,0,0,0,0,0,0,0,0,0,0
19,State,Nagaland,1,0,0,0,0,1,0,0,0,0,0,0,0,0,0,0,0,0,1,0,0,0,0,1
20,State,Odisha,0,0,0,0,0,0,5,0,0,0,0,5,0,0,0,0,0,0,5,0,0,0,0,5
21,State,Punjab,2,0,0,0,0,2,22,1,0,1,0,24,0,0,0,0,0,0,24,1,0,1,0,26
22,State,Rajasthan,5,0,0,0,0,5,23,0,0,0,0,23,0,0,0,0,0,0,28,0,0,0,0,28
23,State,Sikkim,0,0,0,0,0,0,0,0,0,0,0,0,0,0,0,0,0,0,0,0,0,0,0,0
24,State,Tamil Nadu,4,0,0,0,0,4,35,0,0,0,0,35,4,0,0,0,0,4,43,0,0,0,0,43
25,State,Telangana,14,0,0,0,0,14,30,2,0,0,0,32,0,0,0,0,0,0,44,2,0,0,0,46
26,State,Tripura,0,0,0,0,0,0,0,0,0,0,0,0,0,0,0,0,0,0,0,0,0,0,0,0
27,State,Uttar Pradesh,62,1,0,0,0,63,158,1,0,0,0,159,0,0,0,0,0,0,220,2,0,0,0,222
28,State,Uttarakhand,0,0,0,0,0,0,0,0,0,0,0,0,0,0,0,0,0,0,0,0,0,0,0,0
29,State,West Bengal,1,0,0,0,0,1,15,1,0,0,0,16,1,0,0,0,0,1,17,1,0,0,0,18
TOTAL (STATE),State,TOTAL (STATE),338,15,6,1,5,365,907,32,5,9,3,956,149,1,10,1,0,161,1394,48,21,11,8,1482
30,UT,A & N Islands,0,0,0,0,0,0,0,0,0,0,0,0,0,0,0,0,0,0,0,0,0,0,0,0
31,UT,Chandigarh,2,3,0,0,0,5,15,3,0,0,1,19,3,0,1,0,0,4,20,6,1,0,1,28
32,UT,D&N Haveli,4,0,0,0,0,4,12,0,0,0,0,12,0,0,0,0,0,0,16,0,0,0,0,16
33,UT,Daman & Diu,0,0,0,0,0,0,0,0,0,0,0,0,0,0,0,0,0,0,0,0,0,0,0,0
34,UT,Delhi UT,19,3,0,0,0,22,232,7,5,2,0,246,23,3,4,1,0,31,274,13,9,3,0,299
35,UT,Lakshadweep,0,0,0,0,0,0,0,0,0,0,0,0,0,0,0,0,0,0,0,0,0,0,0,0
36,UT,Puducherry,0,0,0,0,0,0,0,0,0,0,0,0,0,0,0,0,0,0,0,0,0,0,0,0
TOTAL (Uts),UT,TOTAL (Uts),25,6,0,0,0,31,259,10,5,2,1,277,26,3,5,1,0,35,310,19,10,3,1,343
TOTAL (ALL INDIA),TOTAL (ALL INDIA),TOTAL (ALL INDIA),363,21,6,1,5,396,1166,42,10,11,4,1233,175,4,15,2,0,196,1704,67,31,14,9,1825
