Category,State/UT (Col.2),Injuries Sustained during the Police Custody due to Physical Assault by Police (Col.3),Injuries sustained prior to Police Custody (Col.4),Mob Attack/Riots (Col.5),Assault by Other Criminals (Col.6),Suicide (Col.7),While Escaping from Police Custody (Col.8),Illness (Col.9),Natural Deaths (Col.10),Road Accident/ Journey Connected to Investigation (Col.11),Hospitalization (Col.12),Others (Col.13),Total Deaths in Police Custody (Col.14)
State,Andhra Pradesh,0,1,0,0,1,0,5,1,0,0,0,8
State,Arunachal Pradesh,0,0,0,0,1,0,0,0,0,0,0,1
State,Assam,1,0,0,0,3,1,1,0,0,1,0,7
State,Bihar,0,1,0,0,0,0,0,0,0,0,1,2
State,Chhattisgarh,0,0,0,0,3,0,0,0,0,0,1,4
State,Goa,0,0,0,0,1,0,0,0,0,0,0,1
State,Gujarat,1,2,0,0,3,0,1,2,0,0,0,9
State,Haryana,0,1,0,0,0,1,0,0,0,0,1,3
State,Himachal Pradesh,0,0,0,0,0,0,0,1,0,0,0,1
State,Jammu & Kashmir,0,0,0,0,0,0,0,0,0,0,0,0
State,Jharkhand,0,0,0,0,1,0,0,0,0,1,0,2
State,Karnataka,1,0,0,0,1,0,0,0,0,0,0,2
State,Kerala,0,0,0,0,0,0,0,0,0,0,0,0
State,Madhya Pradesh,0,0,0,1,4,0,0,0,0,1,1,7
State,Maharashtra,1,0,0,1,6,0,2,2,1,6,0,19
State,Manipur,0,0,0,0,0,0,0,0,0,0,0,0
State,Meghalaya,0,0,0,0,1,0,0,0,0,0,0,1
State,Mizoram,0,0,0,0,0,0,0,0,0,0,0,0
State,Nagaland,0,0,0,0,0,0,0,0,0,0,0,0
State,Odisha,1,0,0,0,1,0,0,0,0,0,1,3
State,Punjab,1,0,0,0,1,0,0,0,0,0,1,3
State,Rajasthan,0,0,0,0,1,0,0,1,0,1,0,3
State,Sikkim,0,0,0,0,0,0,0,0,0,0,0,0
State,Tamil Nadu,0,1,0,0,0,1,0,1,0,0,0,3
State,Telangana,0,0,0,0,0,1,1,0,0,2,0,4
State,Tripura,0,0,0,0,0,0,1,0,0,0,0,1
State,Uttar Pradesh,0,0,1,1,5,1,0,1,0,0,0,9
State,Uttarakhand,0,0,0,0,0,0,0,0,0,0,0,0
State,West Bengal,0,0,0,0,0,0,0,0,0,0,3,3
State,TOTAL (STATES),6,6,1,3,33,5,11,9,1,12,9,96
UT,A & N Islands,0,0,0,0,0,0,0,0,0,0,0,0
UT,Chandigarh,0,0,0,0,0,0,0,0,0,0,0,0
UT,D&N Haveli,0,0,0,0,0,0,0,0,0,0,0,0
UT,Daman & Diu,0,0,0,0,0,0,0,0,0,0,0,0
UT,Delhi UT,0,0,0,0,1,0,0,0,0,0,0,1
UT,Lakshadweep,0,0,0,0,0,0,0,0,0,0,0,0
UT,Puducherry,0,0,0,0,0,0,0,0,0,0,0,0
UT,TOTAL (UTs),0,0,0,0,1,0,0,0,0,0,0,1
TOTAL (ALL INDIA),TOTAL (ALL INDIA),6,6,1,3,34,5,11,9,1,12,9,97
